,name,address,sido,gugon
0,개포1호,서울 강남구 개포동 1229-18,서울,강남구
1,논현1호(서울),서울 강남구 논현동 184-21,서울,강남구
2,대치1호,서울 강남구 대치동936,서울,강남구
3,대치2호,서울 강남구 대치동 990번지 삼성상가 113호 1/2,서울,강남구
4,삼성1호,서울 강남구 삼성동 44-18,서울,강남구
5,세곡,서울 강남구 자곡동 611,서울,강남구
6,압구정신사,서울 강남구 신사동 640-5 대성빌딩 1층 1호,서울,강남구
7,역삼1호,서울 강남구 역삼동 837-15,서울,강남구
8,일원본동,서울 강남구 수서동 747 삼성아파트 상가 104호,서울,강남구
9,청담역,서울 강남구 청담동 65 진흥아파트상가,서울,강남구
10,강일,서울 강동구 강일동 679-3 리슈빌오피스텔,서울,강동구
11,고덕1호,서울 강동구 고덕동 650-1,서울,강동구
12,길1호,서울 강동구 길동 347-31,서울,강동구
13,둔촌1호,서울 강동구 둔촌동 454-5,서울,강동구
14,명일1호,서울 강동구 명일동 328-2,서울,강동구
15,성내,서울 강동구 성내2동 509-7 1층,서울,강동구
16,암사1호,서울 강동구 천호동 287-22,서울,강동구
17,암사2호,서울 강동구 암사동 446-18,서울,강동구
18,천호1호,서울 강동구 천호동 550번지,서울,강동구
19,덕성여대,서울 강북구 우이동 72-148,서울,강북구
20,미아1호,서울 강북구 미아5동 1264-233,서울,강북구
21,미아역,서울 강북구 미아동 131-8,서울,강북구
22,수유1호,서울 강북구 수유동 385-2,서울,강북구
23,수유역점,서울 강북구 번동 461-127,서울,강북구
24,가양,서울 강서구 등촌동 75-1,서울,강서구
25,강서구청,서울 강서구 화곡6동 987-7,서울,강서구
26,까치산역,서울 강서구 화곡동 343-62 라인씨티 1층,서울,강서구
27,등촌,서울 강서구 등촌동 649-14,서울,강서구
28,마곡1호,서울 강서구 강서로 마곡동 784-11 마곡오드카운티1차 111호,서울,강서구
29,발산역,서울 강서구 내발산동 655-6번지 1층 13호,서울,강서구
30,방화2호,서울 강서구 방화2동 580-27,서울,강서구
31,염창,서울 강서구 염창동 249-5,서울,강서구
32,화곡2호,서울 강서구 화곡동 400-45,서울,강서구
33,봉천2호,서울 관악구 봉천동 1674-20,서울,관악구
34,봉천3호,서울 관악구 봉천동 1632-9,서울,관악구
35,봉천4호,서울 관악구 봉천동 931-12,서울,관악구
36,봉천5호,서울 관악구 봉천3동 7-291,서울,관악구
37,신림1호,서울 관악구 신림4동 504-22,서울,관악구
38,신림2호,서울 관악구 신림동 762-7,서울,관악구
39,신림3호,서울 관악구 신림9동 246-49,서울,관악구
40,건대,서울 광진구 화양동 9-18,서울,광진구
41,광장,서울 광진구 광장동 530-13,서울,광진구
42,구의2호,서울 광진구 구의동 229-43,서울,광진구
43,자양1호,서울 광진구 자양3동 584-28,서울,광진구
44,자양2호,서울 광진구 자양동 624-42,서울,광진구
45,중곡1호,서울 광진구 중곡동 243-1,서울,광진구
46,중곡2호,서울 광진구 중곡동 24-2,서울,광진구
47,개봉1호,서울 구로구 개봉동 403-159,서울,구로구
48,고척1호,서울 구로구 개봉1동 126-4,서울,구로구
49,구로2호,서울 구로구 구로동 74-30,서울,구로구
50,구로디지털,서울 구로구 구로동 826-1,서울,구로구
51,동양미래대학,서울 구로구 고척동 343,서울,구로구
52,신도림1호,서울 구로구 신도림동 410-1 신도림6차대림@상가 902동111호,서울,구로구
53,오류1호,서울 구로구 오류1동 10-3,서울,구로구
54,천왕역,서울 구로구 오류동 203-1 1층,서울,구로구
55,가산디지털,서울 금천구 가산동 371-6 가산비지니스센터 2층,서울,금천구
56,독산1호,"서울 금천구 독산동 888-20 102호,103호",서울,금천구
57,시흥1호,서울 금천구 시흥2동 264-17,서울,금천구
58,시흥2호,서울 금천구 시흥1동 905-5,서울,금천구
59,공릉1호,서울 노원구 공릉동 338-6,서울,노원구
60,공릉2호,서울 노원구 공릉동 461-1,서울,노원구
61,상계4단지,서울 노원구 상계7동 749-5 상계주공@4단지상가101호,서울,노원구
62,상계보람,서울 노원구 상계5동 456-130,서울,노원구
63,석계역,서울 노원구 월계1동 73-13,서울,노원구
64,수락산역,서울 노원구 상계동 1118,서울,노원구
65,중계1호,서울 노원구 중계1동 360-9,서울,노원구
66,중계2호,서울 노원구 중계동 137-39 정진빌라 1층,서울,노원구
67,중계역,서울 노원구 중계2동 503,서울,노원구
68,하계1호,서울 노원구 하계1동 251 청구상가 201동 101호,서울,노원구
69,도봉동,서울 도봉구 도봉2동 623-163,서울,도봉구
70,쌍문1호,서울 도봉구 방학1동 263-75,서울,도봉구
71,쌍문역,서울 도봉구 쌍문3동 88-127,서울,도봉구
72,창3동,서울 도봉구 창동 568-2,서울,도봉구
73,창동,서울 도봉구 창5동 296-37,서울,도봉구
74,경희대,서울 동대문구 회기동 42-16,서울,동대문구
75,답십리1호,서울 동대문구 답십리동 257-3,서울,동대문구
76,서울시립대,서울 동대문구 전농1동 141-141,서울,동대문구
77,신이문,서울 동대문구 이문3동 237-114,서울,동대문구
78,안암,서울 동대문구 제기동 142-8,서울,동대문구
79,장안1호,서울 동대문구 전농3동 1-171,서울,동대문구
80,장안2호,서울 동대문구  장안동 375-3,서울,동대문구
81,청량리역,서울 동대문구 청량리동 50-3,서울,동대문구
82,대방1호,서울 동작구 대방동 20-25 한스빌 105호,서울,동작구
83,사당1호,서울 동작구 사당3동 155-2 1F,서울,동작구
84,사당3호,서울 동작구 사당동 220-119,서울,동작구
85,상도터널,서울 동작구 상도1동 587,서울,동작구
86,신대방,서울 동작구 신대방동 607-28,서울,동작구
87,신대방삼거리,서울 동작구 대방동 407-46,서울,동작구
88,흑석1호,서울 동작구 흑석동 180-6,서울,동작구
89,도화(서울),"서울 마포구 도화동 179-8 1,2층",서울,마포구
90,망원2동,서울 마포구 망원2동 474-15,서울,마포구
91,상암,서울 마포구 상암동 34-45,서울,마포구
92,성산2동,서울 마포구 성산동 592,서울,마포구
93,신공덕,서울 마포구 신공덕동 159(신공덕 래미안상가 1동109호),서울,마포구
94,신수,서울 마포구 신수동 451번지 세양청마루아파트 상가 101호,서울,마포구
95,아현,서울 마포구 아현동 774 마포래미안 푸르지오 101동 상가 114호,서울,마포구
96,연남,서울 마포구 연남동 369-20,서울,마포구
97,홍대,서울 마포구 서교동 371-3,서울,마포구
98,독립문,서울 서대문구 냉천동 228,서울,서대문구
99,명지대,서울 서대문구 남가좌동 344-7,서울,서대문구
100,북가좌1호,서울 서대문구 응암로 11,서울,서대문구
101,북아현1호,서울 서대문구 북아현동 1006,서울,서대문구
102,신촌,서울 서대문구 창천동 41-14,서울,서대문구
103,연희1호(서울),서울 서대문구 연희3동 344-26,서울,서대문구
104,홍은1호,서울 서대문구 홍제동 279-52,서울,서대문구
105,홍은사거리,서울 서대문구 홍제동 326-20,서울,서대문구
106,반포1호,서울 서초구 반포동 1053 H동 26호,서울,서초구
107,방배1호,서울 서초구 방배동 761-8,서울,서초구
108,방배2호,서울 서초구 방배3동 918-4번지,서울,서초구
109,서초1호,서울 서초구 서초동 1357-56,서울,서초구
110,서초2호,서울 서초구 서초동 1669-15,서울,서초구
111,서초3호,서울 서초구 서초동 1579-5,서울,서초구
112,양재1호,서울 서초구 양재동 327-2,서울,서초구
113,잠원1호,서울 서초구 잠원동 15-4,서울,서초구
114,금호역,서울 성동구 금호동4가 1380,서울,성동구
115,성수1호,서울 성동구 성수동2가 235-1,서울,성동구
116,성수역,서울 성동구 성수동2가 289-251,서울,성동구
117,왕십리1호,서울 성동구 하왕십리동 946-15,서울,성동구
118,왕십리도선,서울 성동구 홍익동 131-1,서울,성동구
119,응봉,서울 성동구 응봉동 100 상가내 1층,서울,성동구
120,동덕여대,서울 성북구 하월곡동 17-1,서울,성북구
121,동소문,서울 성북구 동소문동 6가 227 1층,서울,성북구
122,보문역,서울 성북구 보문동2가 40,서울,성북구
123,석관장위,서울 성북구 장위2동 64-129,서울,성북구
124,정릉1호,서울 성북구 정릉4동 285-4,서울,성북구
125,정릉2호,서울 성북구 정릉동 175-24,서울,성북구
126,계명,대구시 남구 양지로 107,대구시,남구
127,대명1호,대구 남구 대명동 1098-4,대구,남구
128,봉덕,대구 남구 봉덕동 687-32,대구,남구
129,앞산,대구 남구 대명동 780-3,대구,남구
130,이천대봉,대구 남구 이천동 184-9,대구,남구
131,감삼성당,대구 달서구 감삼동 317-3,대구,달서구
132,대곡,대구 달서구 도원동 1442-2 1층 107호,대구,달서구
133,상인,대구 달서구 상인동 1555-1,대구,달서구
134,성서,대구 달서구 신당동 1763-2,대구,달서구
135,송현(대구),대구 달서구 송현1동 207-2,대구,달서구
136,신월성,대구 달서구 월성동 1264번지 트럼프스타 B/D 106호,대구,달서구
137,용산,대구 달서구 용산1동 954-6,대구,달서구
138,용산새방,대구 달서구 용산동 499-2,대구,달서구
139,장기,대구 달서구 장기동 566-4,대구,달서구
140,진천(대구),대구 달서구 진천동 508,대구,달서구
141,강화,인천 강화군 강화읍 갑곳리 199-1,인천,강화군
142,계산1호,인천 계양구 계산동 1081-10,인천,계양구
143,계산2호,인천 계양구 계산3동 61-2,인천,계양구
144,임학박촌,인천 계양구 박촌동 52-3,인천,계양구
145,작전1호,인천 계양구 작전동 149-1,인천,계양구
146,효성1호,"인천 계양구 효성1동 21-11 현대아파트 상가동 101호, 102호, 103호",인천,계양구
147,효성2호,인천 계양구 효성2동 273-3,인천,계양구
148,관교,인천 남구 관교동 321-5,인천,남구
149,용현2동,인천 남구 용현동 558-32,인천,남구
150,용현5동,인천 남구 용현동 630-45,인천,남구
151,주안1호,인천 남구 주안동 1523-2,인천,남구
152,주안3호,인천 남구 주안동 929-11,인천,남구
153,학익1호,인천 남구 학익동 293-37,인천,남구
154,간석1호,인천 남동구 구월동 70-80,인천,남동구
155,구월,인천 남동구 구월동 1133-13,인천,남동구
156,논현1호(인천),인천 남동구 논현동 620-8,인천,남동구
157,논현에코메트로,인천 남동구 논현동 752-1,인천,남동구
158,만수1호,인천 남동구 만수동 1045 103호,인천,남동구
159,만수2호,인천 남동구 만수2동 5-440,인천,남동구
160,만수3호,인천 남동구 간석3동 921-14,인천,남동구
161,서창,인천 남동구 서창동 706,인천,남동구
162,간석1호,인천 남동구 구월동 70-80,인천,남동구
163,구월,인천 남동구 구월동 1133-13,인천,남동구
164,논현1호(인천),인천 남동구 논현동 620-8,인천,남동구
165,논현에코메트로,인천 남동구 논현동 752-1,인천,남동구
166,만수1호,인천 남동구 만수동 1045 103호,인천,남동구
167,만수2호,인천 남동구 만수2동 5-440,인천,남동구
168,만수3호,인천 남동구 간석3동 921-14,인천,남동구
169,서창,인천 남동구 서창동 706,인천,남동구
170,송현(인천),인천 동구 송림동 234-1,인천,동구
171,부개1동,인천 부평구 부개동 265-3,인천,부평구
172,부개3동,인천 부평구 부개동 12-127,인천,부평구
173,부평1호,인천 부평구 부평동 451-30,인천,부평구
174,부평2호,인천 부평구 부평동 889-8,인천,부평구
175,산곡1호,인천 부평구 산곡동 369-270,인천,부평구
176,산곡2호,인천 부평구 산곡동 119-54,인천,부평구
177,산곡3호,인천 부평구 산곡2동 251-1,인천,부평구
178,삼산(부평),인천 부평구 삼산동 433-1,인천,부평구
179,십정1호,인천 부평구 십정동 417-3,인천,부평구
180,가좌,인천 서구 가좌동 30-78,인천,서구
181,검단1호,인천 서구 검단로 왕길동 637-1,인천,서구
182,검암,인천 서구 검암동 626-2번지 태건프라자 105호,인천,서구
183,당하,인천 서구 마전동 585,인천,서구
184,불로원당,인천 서구 당하동 1033-3 조이빌 103,인천,서구
185,석남가정,인천 서구 가정동 505-4,인천,서구
186,연희1호(인천),인천 서구 심곡동 257-15,인천,서구
187,청라,인천 서구 연희동 799-8 우리프라자 1층,인천,서구
188,동춘,인천 연수구 동춘동 934-1,인천,연수구
189,선학연수3호,인천 연수구 선학동 406-2,인천,연수구
190,송도1호,인천 연수구 송도동 21-59  302동 102호,인천,연수구
191,송도드림시티,인천 연수구 송도동 3-2,인천,연수구
192,연수중앙,인천 연수구 연수동 626,인천,연수구
193,옥련,인천 연수구 옥련동 194-4,인천,연수구
194,공항신도시,인천 중구 운서동 2797-4 대원프라자,인천,중구
195,영종하늘도시,"인천 중구 중산동 1884-4 108,109호",인천,중구
196,소촌우산,광주 광산구 소촌동 244-6,광주,광산구
197,송정1호,광주 광산구 도산동 1143,광주,광산구
198,수완1호,광주 광산구 장덕동 1479번지 1층,광주,광산구
199,수완2호,광주 광산구 수완동 1128번지  102호,광주,광산구
200,신창,광주 광산구 신창동 1236-1,광주,광산구
201,운남1호,광주 광산구 월곡2동 683-1,광주,광산구
202,첨단1호,광주 광산구 산월동 884-2,광주,광산구
203,첨단2호,광주 광산구 쌍암동 655-4번지,광주,광산구
204,하남1호,광주 광산구 산정동 977-13,광주,광산구
205,하남2지구,광주 광산구 산정동 1039,광주,광산구
206,노대효천,광주 남구 노대동 814,광주,남구
207,백운,광주 남구 서동 71-15,광주,남구
208,봉선1호,광주 남구 주월1동 1253-4,광주,남구
209,봉선2호,광주 남구 봉선2동 475,광주,남구
210,주월,광주 남구 월산동 1034-17,광주,남구
211,진월,광주 남구 진월동 870번지 한국아델리움 2차상가 230동 102호,광주,남구
212,계림,광주 동구 장동 16-4,광주,동구
213,조선대,광주 동구 지산동 500번지,광주,동구
214,학동,광주 동구 학동 735-16,광주,동구
215,두암1호,광주 북구 두암2동 826-50,광주,북구
216,문흥1호,광주 북구 문흥동 980-15,광주,북구
217,양산1호,광주 북구 양산동 877-1 1층,광주,북구
218,오치,광주 북구 오치동 785-4,광주,북구
219,운암1호,광주 북구 운암3동 1051-5,광주,북구
220,운암2호(광주),광주 북구 운암동 492-39,광주,북구
221,일곡1호,광주 북구 일곡동 828-4,광주,북구
222,전남대,광주 북구 용봉동161-15번지,광주,북구
223,첨단신용,광주 북구 신용동 693,광주,북구
224,금호,광주 서구 쌍촌동 881번지,광주,서구
225,동천(광주),광주 서구 동천동 527,광주,서구
226,마재,"광주 서구 금호동 813 대주파크빌상가 124동 114호, 115호",광주,서구
227,상무1호,광주 서구 치평동 1258,광주,서구
228,쌍촌1호,광주 서구 쌍촌동 147,광주,서구
229,풍암1호,광주 서구 풍암동 1048번지 호반 APT상가 104호,광주,서구
230,화정1호(광주),광주 서구 화정동 824-16,광주,서구
231,화정2호,"광주 서구 농성동 666-1 1층 113,114호",광주,서구
232,송촌1호,대전 대덕구 송촌동 454-4,대전,대덕구
233,신탄진,대전 대덕구 석봉동 309-1,대전,대덕구
234,한남대,대전 대덕구 한남로 오정동 223-260,대전,대덕구
235,가오천동,대전 동구 가오동 235-12,대전,동구
236,비래,대전 동구 가양동 88-1 조일아파트상가 A동,대전,동구
237,용운,대전 동구 용운동 306-3,대전,동구
238,자양대동,대전 동구 대동 192-1,대전,동구
239,가장내동,대전 서구 가장동 50-45,대전,서구
240,갈마1호,대전 서구 갈마2동 404-2 푸른아파트 상가 107-2,대전,서구
241,관저느리울,대전 서구 관저동 1354,대전,서구
242,도마1호,대전 서구 도마동 114-19,대전,서구
243,도안2지구,대전 서구 가수원동 1036,대전,서구
244,둔산1호,대전 서구 둔산2동 1093,대전,서구
245,둔산2호,대전 서구 둔산동 1851,대전,서구
246,만년,대전 서구 만년동 316,대전,서구
247,복수,대전 서구 복수동 622,대전,서구
248,월평1호,대전 서구 월평1동 845번지,대전,서구
249,탄방,대전 서구 탄방동 723,대전,서구
250,관저1호,대전 유성구 원내동 829 외 1필지,대전,유성구
251,관평,대전 유성구 관평동 1056,대전,유성구
252,노은1지구,대전 유성구 노은동 553-9 스타돔 120호,대전,유성구
253,노은2지구,대전 유성구 지족동 985-2,대전,유성구
254,도안1지구,대전 유성구 상대동 469-9,대전,유성구
255,송강,대전 유성구 봉산동 198-13,대전,유성구
256,신성,대전 유성구 신성동 137-15,대전,유성구
257,유성,대전 유성구 봉명동 621-1,대전,유성구
258,전민,대전 유성구 전민동 306-13,대전,유성구
259,대사부사,대전 중구 대사동 69-53,대전,중구
260,문화1호,대전 중구 문화동 466-16,대전,중구
261,용두오류,대전 중구 용두동 26-1,대전,중구
262,중촌,대전 중구 중촌동 98-16,대전,중구
263,태평1호,대전 중구 유천동 326-13,대전,중구
264,공업탑,울산 남구 신정동 1218-7,울산,남구
265,달동,울산 남구 달동 135-2,울산,남구
266,무거1호,울산 남구 무거동 1484-2,울산,남구
267,삼산(울산),울산 남구 달동 1331-20,울산,남구
268,삼산2호,울산 남구 삼산동 203-15,울산,남구
269,수암,울산 남구 신정4동 870-9,울산,남구
270,신정3동(구 신정3호점),울산 남구 신정3동 177-1,울산,남구
271,야음1호,울산 남구 선암동 679-3,울산,남구
272,야음2호,울산 남구 야음1동 455-8,울산,남구
273,옥동(울산),울산 남구 옥동 1406-17,울산,남구
274,울대,울산 남구 무거동 583-17,울산,남구
275,남목서부,울산 동구 서부동 181-31,울산,동구
276,방어,울산 동구 방어동 1149-1,울산,동구
277,전하,울산 동구 전하2동 634-4,울산,동구
278,화정,울산 동구 화정동 438-3,울산,동구
279,강동산하,울산 북구 산하동 89,울산,북구
280,양정염포,울산 북구 양정동 497-11,울산,북구
281,진장명촌,울산 북구 명촌동 692-3,울산,북구
282,호계1호(울산),울산 북구 호계동 286-15,울산,북구
283,호계2호,울산 북구 신천동 107-4,울산,북구
284,화봉,울산 북구 연암동 414-3,울산,북구
285,구영,울산 울주군 범서읍 구영리 801-6,울산,울주군
286,남창,울산 울주군 온양읍 운화리 56-6,울산,울주군
287,덕신,울산 울주군 덕신리 1294-2,울산,울주군
288,언양,울산 울주군 언양읍 동부리 147-1,울산,울주군
289,웅촌,울산 울주군 청량면 삼정리 755-1 가동 216호,울산,울주군
290,천상,울산 울주군 범서읍 천상리 650-5,울산,울주군
291,다운,울산 중구 다운동 536-1,울산,중구
292,반구1호,울산 중구 반구동 874-3,울산,중구
293,반구2호,울산 중구 반구동 99-17,울산,중구
294,복산,울산 중구 복산동 399-12,울산,중구
295,성안,울산 중구 성안동 804-10,울산,중구
296,약사병영,울산 중구 약사동 629-17,울산,중구
297,옥교,울산 중구 학산동 3-27,울산,중구
298,우정,울산 중구 우정동 436-41,울산,중구
299,태화,울산 중구 태화동 117-2,울산,중구
300,가평,경기 가평군 가평읍 대곡리 230-23,경기,가평군
301,청평,경기 가평군 청평면 청평리 452-5,경기,가평군
302,현리,경기 가평군 하면 현리 259-7,경기,가평군
303,고양동,경기 고양시 덕양구 고양동 176-8 104호,경기,고양시
304,무원마을,경기 고양시 덕양구 행신동 719-9 (1층103호),경기,고양시
305,삼송,경기도 고양시 덕양구 신원동 626-1 1층 상가 5~6호,경기도,고양시
306,원당,경기 고양시 덕양구 성사동 519-2,경기,고양시
307,행신1호,경기 고양시 덕양구 행신동 995-2,경기,고양시
308,화정1호(고양),경기 고양시 덕양구 화정동 906-5 1층 102호,경기,고양시
309,강선,경기 고양시 일산동구 정발산동 717-3,경기,고양시
310,밤가시후곡,경기 고양시 일산동구 정발산동 1093,경기,고양시
311,백마강촌,경기 고양시 일산동구 마두1동 734 백마마을4단지상가 106호,경기,고양시
312,백송,경기 고양시 일산동구 백석동 1225 중앙프라자 103호,경기,고양시
313,식사,경기 고양시 일산동구 식사동 1531,경기,고양시
314,중산,경기 고양시 일산동구 중산동 1667-3,경기,고양시
315,호수,경기 고양시 일산동구 백석동 1414-15,경기,고양시
316,구일산,경기 고양시 일산서구 일산동 967-6,경기,고양시
317,대화,경기 고양시 일산서구 대화동 2126-2 (동남빌딩 101호),경기,고양시
318,주엽,경기 고양시 일산서구 주엽2동 138 애비뉴상가 1층 1068호,경기,고양시
319,탄현,경기 고양시 일산서구 탄현동 1501-4,경기,고양시
320,과천1호,경기 과천시 원문동 4 레미안 슈르 A상가(4번지)동 제1층 1023호,경기,과천시
321,강남,강원 강릉시 노암동 708-1,강원,강릉시
322,교동1호,강원 강릉시 교1동 1863-3,강원,강릉시
323,성덕,강원 강릉시 입암동 498-13,강원,강릉시
324,주문진,강원 강릉시 주문진읍 교항리 119-11,강원,강릉시
325,포남,강원 강릉시 포남1동 1140-1,강원,강릉시
326,고성(강원),강원 고성군 간성읍 신안리 218,강원,고성군
327,묵호,강원 동해시 부곡동 74-5,강원,동해시
328,북삼,강원 동해시 쇄운동 84-5,강원,동해시
329,천곡,강원 동해시 천곡동 872,강원,동해시
330,삼척,강원 삼척시 남양동 17-2,강원,삼척시
331,교동,강원 속초시 교동 974-2,강원,속초시
332,동명,강원 속초시 동명동 1-18,강원,속초시
333,조양,강원 속초시 조양동 1540 부영파아트 상가동 102호,강원,속초시
334,양구,강원 양구군 양구읍 상리 227-105,강원,양구군
335,양양,강원 양양군 양양읍 남문리 125,강원,양양군
336,영월,강원 영월군 영월읍 하송리 178-2,강원,영월군
337,개운,강원 원주시 개운동 395-23,강원,원주시
338,늘품,강원 원주시 반곡동 1767-54,강원,원주시
339,단계,강원 원주시 단계동 837,강원,원주시
340,단구,강원 원주시 관설동 1701-4,강원,원주시
341,명륜(원주),강원 원주시 명륜동 539,강원,원주시
342,무실,강원 원주시 무실동 1664-3,강원,원주시
343,문막,강원 원주시 문막읍 건등리 1705-3,강원,원주시
344,우산,강원 원주시 우산동 226-10,강원,원주시
345,일산,강원 원주시 원동 278-7,강원,원주시
346,태장,강원 원주시 태장동 북원로 2716-1,강원,원주시
347,혁신(원주),강원 원주시 반곡동 1880-7,강원,원주시
348,원통,강원 인제군 북면 원통리 645-32,강원,인제군
349,사북고한,강원 정선군 사북읍 사북리 344-56,강원,정선군
350,교대,강원 춘천시 석사동 291-15,강원,춘천시
351,석사1호,강원 춘천시 석사동 748-18(33통405),강원,춘천시
352,신사우동,강원 춘천시 우두동 1052-29,강원,춘천시
353,춘천시청,강원 춘천시 소양로 3가 181-9,강원,춘천시
354,퇴계2호,강원 춘천시 퇴계동 87,강원,춘천시
355,효자(춘천),강원 춘천시 효자1동 661-16,강원,춘천시
356,후평1호,강원 춘천시 후평동 836-1,강원,춘천시
357,후평사거리,강원 춘천시 후평1동 693-4,강원,춘천시
358,태백1호,강원 태백시 상장동 87-36,강원,태백시
359,대관령,강원 평창군 횡계리 354-8,강원,평창군
360,단양,충북 단양군 단양읍 도전리 523,충북,단양군
361,계룡대,충남 계룡시 엄사면 엄사리 253-2,충남,계룡시
362,신관,충남 공주시 신관동 24-25,충남,공주시
363,옥룡,충남 공주시 옥룡동 308-1,충남,공주시
364,금산(충남),충남 금산군 금산읍 상리 47-10,충남,금산군
365,취암,충남 논산시 내동 628,충남,논산시
366,기지시,충남 당진시 반촌리 861-20,충남,당진시
367,복운,충남 당진시 송악면 복운리 1642-11,충남,당진시
368,신평,충남 당진시 신평면 거산리 13-4번지 1층,충남,당진시
369,읍내(당진),충남 당진시 읍내동 850,충남,당진시
370,채운,충남 당진시 읍내동 1541,충남,당진시
371,합덕,충남 당진시 합덕읍 운산리 266-2,충남,당진시
372,동대,충남 보령시 동대동 1766,충남,보령시
373,부여,충남 부여군 부여읍 관북리 133-5,충남,부여군
374,대산,충남 서산시 대산읍 산리 129-5,충남,서산시
375,동문,충남 서산시 동문동 406-2,충남,서산시
376,서산테크노,충남 서산시 오사리 1666,충남,서산시
377,석림,충남 서산시 동문동 999-6,충남,서산시
378,읍내(서산),충남 서산시 읍내동 276-5,충남,서산시
379,서천,충남 서천군 군사리 718-11,충남,서천군
380,권곡,충남 아산시 권곡동 549-26,충남,아산시
381,배미,충남 아산시 배미동 239-17,충남,아산시
382,배방1호,충남 아산시 배방읍 공수리 89-28,충남,아산시
383,온천,충남 아산시 온천동 1310,충남,아산시
384,용화,충남 아산시 용화동 714,충남,아산시
385,탕정지중해,충남 아산시 명암리 943-1,충남,아산시
386,예산,충남 예산군 예산읍 산성리 709-4,충남,예산군
387,목천,충남 천안시 동남구 목천읍 신계리 134-18,충남,천안시
388,병천,충남 천안시 동남구 병천면 병천리 156-5,충남,천안시
389,신방1호,충남 천안시 동남구 신방동 74-19 부흥빌딩 104호,충남,천안시
390,신방통정,충남 천안시 동남구 신방동 1538,충남,천안시
391,신부1호,충남 천안시 동남구 신부동 728,충남,천안시
392,원성,충남 천안시 동남구 원성2동 518-4,충남,천안시
393,청수,충남 천안시 동남구 청당동 513,충남,천안시
394,두정,충남 천안시 서북구 성정2동 1211,충남,천안시
395,백석(천안),충남 천안시 서북구 백석동 910번지 주공아파트상가 103호,충남,천안시
396,불당,충남 천안시 서북구 불당동 1630,충남,천안시
397,성거,충남 천안시 서북구 성거읍 저리 65-1,충남,천안시
398,성환1호,충남 천안시 서북구 성환읍 매주리 325-5 외 1,충남,천안시
399,직산1호,충남 천안시 서북구 직산읍 삼은리 76-177,충남,천안시
400,차암,충남 천안시 서북구 차암동 514,충남,천안시
401,태안,충남 태안군 태안읍 동문리 264-7,충남,태안군
402,내포1호,충남 홍성군 홍북면 신경리 1181번지 승우빌딩 107호,충남,홍성군
403,오관,충남 홍성군 홍성읍 대교리 577,충남,홍성군
404,고창,전북 고창군 고창읍 교촌리 506,전북,고창군
405,강진,전남 강진군 강진읍 남성리 5-4,전남,강진군
406,광양읍1호,전남 광양시 광양읍 칠성리 947-3,전남,광양시
407,중마1호,전남 광양시 마동 1037-4,전남,광양시
408,중마2호,전남 광양시 중동 1654-3,전남,광양시
409,나주,전남 나주시 대호동 1040-7,전남,나주시
410,빛가람1호,전남 나주시 빛가람동 190-3,전남,나주시
411,담양,전남 담양군 담양읍 백동리 247-7,전남,담양군
412,삼학,전남 목포시 산정동 1386-8,전남,목포시
413,상동석현,전남 목포시 석현동 1173-2,전남,목포시
414,옥암,전남 목포시 옥암동 1248-2,전남,목포시
415,용해,전남 목포시 용해동 769-5,전남,목포시
416,원산,전남 목포시 산정동 1693-3,전남,목포시
417,하당,전남 목포시 상동 1116-8번지,전남,목포시
418,남악,전남 무안군 삼향읍 남악리 1577 골든스위트 125호,전남,무안군
419,무안읍,전남 무안군 무안읍 성남리 813-45,전남,무안군
420,보성,전남 보성군 보성읍 보성리 831-19,전남,보성군
421,금당1호,전남 순천시 조례동 1612번지 1-4호,전남,순천시
422,남부(순천),전남 순천시 풍덕동 1265-5,전남,순천시
423,순천대점,전남 순천시 석현동 80-5,전남,순천시
424,신대,전남 순천시 해룡면 신대리 2019-4,전남,순천시
425,연향,전남 순천시 연향동 1351-1,전남,순천시
426,조례,전남 순천시 조례1동 1687-16,전남,순천시
427,팔마,전남 순천시 연향동 1681-3   1층,전남,순천시
428,국동,전남 여수시 신월동 96-1,전남,여수시
429,둔덕,전남 여수시 둔덕동 434-7,전남,여수시
430,문수,전남 여수시 문수동 124-1,전남,여수시
431,신기,전남 여수시 신기동 117-7,전남,여수시
432,안산,전남 여수시 안산동 470-2,전남,여수시
433,여서,전남 여수시 여서동 240-8,전남,여수시
434,죽림무선,전남 여수시 소라면 죽림리 1226-3,전남,여수시
435,영광,전남 영광군 영광읍 남천리 339-4,전남,영광군
436,삼호,전남 영암군 삼호읍 용앙리 481,전남,영암군
437,완도,전남 완도군 완도읍 군내리 1237-16 1층,전남,완도군
438,장흥,전남 장흥군 장흥읍 건산리 736-10,전남,장흥군
439,경산,경북 경산시 옥산동 758-10(1층),경북,경산시
440,경산오거리,경북 경산시 중방동 880-23,경북,경산시
441,계양사동,경북 경산시 사동 663-6,경북,경산시
442,영대,경북 경산시 압량면 신대리 497,경북,경산시
443,진량,경북 경산시 진량읍 봉회리 81-3,경북,경산시
444,하양,경북 경산시 하양읍 금락리 130-18,경북,경산시
445,동천(경주),경북 경주시 동천동 791,경북,경주시
446,성건중앙,경북 경주시 성건동 625-13,경북,경주시
447,안강,경북 경주시 안강읍 산대리 2400-2,경북,경주시
448,충효,경북 경주시 충효동 3002-1,경북,경주시
449,황성,경북 경주시 황성동 893-3,경북,경주시
450,도량,경북 구미시 도량동 262-1,경북,구미시
451,봉곡,경북 구미시 봉곡동 302-4,경북,구미시
452,상모,경북 구미시 상모동 42-7,경북,구미시
453,선산,경북 구미시 선산읍 동부리 416,경북,구미시
454,송정(구미),경북 구미시 송정동 38-5 우방타운 206동2호,경북,구미시
455,신평공단,경북 구미시 신평동 129-2,경북,구미시
456,옥계,경북 구미시 옥계동 843-1,경북,구미시
457,원평,경북 구미시 원평동 84-5,경북,구미시
458,원호,경북 구미시 고아읍 원호리 442-2,경북,구미시
459,인동,경북 구미시 인의동 341-2,경북,구미시
460,진평,경북 구미시 진평동 29-5,경북,구미시
461,형곡,경북 구미시 형곡동 152-4,경북,구미시
462,김천,경북 김천시 신음동 1301-4,경북,김천시
463,김천혁신,경북 김천시 율곡동 364,경북,김천시
464,부곡(김천),경북 김천시 부곡동 426-1,경북,김천시
465,점촌,경북 문경시 모전동 866,경북,문경시
466,상주,경북 상주시 무양동 213-3,경북,상주시
467,성주,경북 성주군 성주읍 성산리 2102-4,경북,성주군
468,경북도청,경북 안동시 풍천면 갈전리 1325,경북,안동시
469,금곡,경북 안동시 당북동 311-8,경북,안동시
470,송현오거리,경북 안동시 송현동 260-5,경북,안동시
471,옥동(안동),경북 안동시 옥동 791-2,경북,안동시
472,용상,경북 안동시 용상동 1179-188,경북,안동시
473,가흥,경북 영주시 가흥동 1881,경북,영주시
474,영주,경북 영주시 휴천동 642-362,경북,영주시
475,중앙(영주),경북 영주시 영주2동 536-15,경북,영주시
476,풍기,경북 영주시 풍기읍 성내리 60,경북,영주시
477,영천1호,경북 영천시 망정동175-12,경북,영천시
478,울진,경북 울진군 울진읍 읍내리 576-1,경북,울진군
479,청도,경북 청도군 청도읍 고수리 503,경북,청도군
480,북삼,경북 칠곡군 북삼읍 인평리 246-3,경북,칠곡군
481,석적,경북 칠곡군 석적읍 중리 203-5,경북,칠곡군
482,왜관,경북 칠곡군 왜관읍 왜관리 237-19,경북,칠곡군
483,구룡포,경북 포항시 남구 구룡포읍 구룡포1리 742,경북,포항시
484,남부(포항),경북 포항시 남구 대도동 124-13,경북,포항시
485,대해중앙,경북 포항시 남구 대도동 97-4,경북,포항시
486,송도,경북 포항시 남구 해도동 25-28,경북,포항시
487,연일,경북 포항시 남구 생지리 157-9,경북,포항시
488,오천,경북 포항시 남구 오천읍 원리 913-2,경북,포항시
489,효곡,경북 포항시 남구 효자동 579-1 풍림아이원상가 107호,경북,포항시
490,양덕(포항),경북 포항시 북구 양덕동 1574,경북,포항시
491,양학대이,경북 포항시 북구 득량동 2-1,경북,포항시
492,용흥,경북 포항시 북구 용흥동 370,경북,포항시
493,우현,경북 포항시 북구 우현동 산15-6,경북,포항시
494,장성,경북 포항시 북구 장성동 1355-4,경북,포항시
495,죽도,경북 포항시 북구 대흥동 592-2,경북,포항시
496,환호장량,경북 포항시 북구 장성동 1378-3,경북,포항시
497,흥해,경북 포항시 북구 흥해읍 옥성리 403-7,경북,포항시
498,고현상동,경남 거제시 고현동 406-18,경남,거제시
499,아주,경남 거제시 아주동 1178-2,경남,거제시
500,옥포,경남 거제시 옥포동 160-1,경남,거제시
501,장평,경남 거제시 장평동 274,경남,거제시
502,중곡수월,경남 거제시 고현동 997,경남,거제시
503,거창1호,경남 거창군 거창읍 대동리 697-5,경남,거창군
504,고성(경남),경남 고성군 고성읍 송학리 244-88,경남,고성군
505,구산,경남 김해시 구산동 275-8,경남,김해시
506,내동,경남 김해시 내동 138-1,경남,김해시
507,대청,경남 김해시 대청동 61-1,경남,김해시
508,부원봉황,경남 김해시 부원동 607-3,경남,김해시
509,삼계1호,경남 김해시 삼계동 1479-4,경남,김해시
510,삼방,경남 김해시 삼방동 691-2 한일상가 108호,경남,김해시
511,삼정,경남 김해시 삼정동 590-1,경남,김해시
512,어방,경남 김해시 어방동 523-2,경남,김해시
513,외동,경남 김해시 외동 1187-12,경남,김해시
514,율하(김해),경남 김해시 관동동 1106-5,경남,김해시
515,장유1호,경남 김해시 내덕동 220-1 101호,경남,김해시
516,주촌,경남 김해시 주촌면 천곡리 1381-14,경남,김해시
517,지내안동,경남 김해시 지내동 67-1,경남,김해시
518,진영,경남 김해시 진영읍 진영리 1629-2,경남,김해시
519,남해,경남 남해군 남해읍 서변리 160-11,경남,남해군
520,내일동,경남 밀양시 내이동 1566-6,경남,밀양시
521,삼문상남,경남 밀양시 삼문동 717-11,경남,밀양시
522,동금,경남 사천시 동금동 58-4,경남,사천시
523,벌용,경남 사천시 벌리동 255-9,경남,사천시
524,사남,경남 사천시 사남면 월성리 64-3,경남,사천시
525,사천,경남 사천시 사천읍 수석리 293-23,경남,사천시
526,산청,경남 산청군 산청읍 옥산리 249,경남,산청군
527,덕계,경남 양산시 덕계동 750,경남,양산시
528,물금,경남 양산시 물금읍 범어리 2682-10,경남,양산시
529,삼성,경남 양산시 북정동 885-12,경남,양산시
530,상북,경남 양산시 상북면 석계리 242-1,경남,양산시
531,서창1호,경남 양산시 삼호동 707-2,경남,양산시
532,석산,경남 양산시 동면 금산리 1422-14,경남,양산시
533,중앙(양산),경남 양산시 중부동 684-6,경남,양산시
534,증산(양산),경남 양산시 물금읍 가촌리 1269-3,경남,양산시
535,통도사,경남 양산시 하북면 순지리 814-5,경남,양산시
536,의령,경남 의령군 의령읍 서동리 497-9,경남,의령군
537,가호,경남 진주시 가좌동 1431-2,경남,진주시
538,금산(진주),경남 진주시 금산면 장사리 1022-1,경남,진주시
539,상대,경남 진주시 상대동 238-3,경남,진주시
540,상봉중앙,경남 진주시 중안동 2-11,경남,진주시
541,상평,경남 진주시 상평동 198-43,경남,진주시
542,신안평거,경남 진주시 신안동 439-7,경남,진주시
543,이현인사,경남 진주시 인사동 145-5,경남,진주시
544,초장,경남 진주시 초전동 1704-7,경남,진주시
545,칠암망경,경남 진주시 칠암동 491-47,경남,진주시
546,판문평거,경남 진주시 평거동 733-1번지,경남,진주시
547,하대초전,경남 진주시 하대동 306-38,경남,진주시
548,혁신(경남 진주),경남 진주시 충무공동 38-1 뽀빠이프라자 1층 113호,경남,진주시
549,남지,경남 창녕군 남지읍 남지리 994-7,경남,창녕군
550,창녕,경남 창녕군 창녕읍 송현리 238-1,경남,창녕군
551,문화중앙,경남 창원시 마산합포구 중앙동2가 5-42번지,경남,창원시
552,월영,경남 창원시 마산합포구 해운동 42-11,경남,창원시
553,자산교방,경남 창원시 마산합포구 자산동 301-19,경남,창원시
554,진동,경남 창원시 마산합포구 진동면 진동리 436,경남,창원시
555,창동산호,경남 창원시 마산합포구 산호동 338-35,경남,창원시
556,내서삼계,경남 창원시 마산회원구 삼계리 35-14,경남,창원시
557,석전회성,경남 창원시 마산회원구 석전동 264-56,경남,창원시
558,양덕(창원),경남 창원시 마산회원구 양덕2동 73-35,경남,창원시
559,호계,경남 창원시 마산회원구 내서읍 호계리 289-45,경남,창원시
560,회원,경남 창원시 마산회원구 회원2동 669-4,경남,창원시
561,남양,경남 창원시 성산구 가음동 7-2 더원빌딩 104호,경남,창원시
562,대방,경남 창원시 성산구 성주동 100,경남,창원시
563,반송(창원),경남 창원시 성산구 반지동 55-18,경남,창원시
564,사파,경남 창원시 성산구 사파동 113-16,경남,창원시
565,중앙(창원 성산),경남 창원시 성산구 중앙동 100-1,경남,창원시
566,감계,경남 창원시 의창구 북면 감계리 246-4,경남,창원시
567,도계명서,경남 창원시 의창구 도계동 396-9,경남,창원시
568,동읍,경남 창원시 의창구 동읍 용잠리 371-2,경남,창원시
569,봉곡사림,경남 창원시 의창구 봉곡동 132-18,경남,창원시
570,용지호수,경남 창원시 의창구 용호동 73-50,경남,창원시
571,중동소답,경남 창원시 의창구 서상동 666-6,경남,창원시
572,팔용,경남 창원시 의창구 팔용동 183-10,경남,창원시
573,석동덕산,경남 창원시 진해구 석동 139-6,경남,창원시
574,웅동용원,경남 창원시 진해구 용원동 1214-11,경남,창원시
575,중앙(진해),경남 창원시 진해구 여좌동 925-40,경남,창원시
576,태평,경남 창원시 진해구 수송동 12-11,경남,창원시
577,풍호,경남 창원시 진해구 풍호동 305-17,경남,창원시
578,미수봉평,경남 통영시 미수동 22-1번지 운하상가 115호,경남,통영시
579,북신무전,경남 통영시 무전동 1033-2,경남,통영시
580,죽림,경남 통영시 광도면 죽림리 1574-57 가동 103호,경남,통영시
581,함안,경남 함안군 가야읍 말산리 58-27,경남,함안군
582,함양,경남 함양군 함양읍 용평리 773-1,경남,함양군
583,합천,경남 합천군 합천읍 합천리 320-3,경남,합천군
584,대정,제주 서귀포시 대정읍 하모리 1048-4,제주,서귀포시
585,서귀포1호,제주 서귀포시 동흥동 117-6,제주,서귀포시
586,서귀포명동,제주 서귀포시 서귀동 408-3,제주,서귀포시
587,서귀포혁신도시,제주 서귀포시 강정동 166-10,제주,서귀포시
588,성산일출봉,제주 서귀포시 성산읍 성산리 362-1,제주,서귀포시
589,중문,제주 서귀포시 중문동 1965-9,제주,서귀포시
590,표선,제주 서귀포시 표선리 633-3,제주,서귀포시
591,건입,제주 제주시 일도2동 160-9,제주,제주시
592,노형,제주 제주시 노형동 1055-1,제주,제주시
593,도두해안도로,제주 제주시 도두1동 2625-4,제주,제주시
594,삼양화북,제주 제주시 화북1동 1023-2,제주,제주시
595,아라이도,제주 제주시 이도2동 1970-24,제주,제주시
596,외도하귀,제주 제주시 애월읍 하귀1리 167,제주,제주시
597,용담삼도,제주 제주시 용담2동 624-10 1층,제주,제주시
598,이도일도,제주 제주시 이도이동 1179-18,제주,제주시
599,제주1호,제주 제주시  연동 272-30,제주,제주시
600,탑동(제주),제주 제주시 삼도이동 1192-22,제주,제주시
601,한림협재,제주 제주시 한림읍 한림리 1582-8,제주,제주시
602,함덕,제주 제주시 조천읍 함덕리 1004-41,제주,제주시
